{
    "mBoxLineWidth": 2.0,
    "mLineColor": {
        "a": 1.0,
        "b": 0.418999999761581,
        "g": 1.0,
        "r": 0.839999973773956
    },
    "mMasterBoxSize": 300.0,
    "mSizeArray": [
        300.0,
        300.0,
        300.0,
        300.0,
        300.0,
        300.0,
        300.0,
        300.0,
        300.0,
        300.0,
        300.0,
        300.0,
        300.0,
        300.0,
        300.0,
        300.0,
        300.0,
        300.0,
        300.0,
        300.0,
        300.0,
        300.0,
        300.0
    ],
    "mUseSingleColor": true
}