{
    "bDrawDebug": true,
    "gavity": -98.0,
    "sphere_size": 180.172012329102,
    "wall": {
        "rect": {
            "height": 516.0,
            "width": 416.000030517578,
            "x": -208.000015258789,
            "y": -3.99998474121094
        },
        "y_range": {
            "x": 0.0,
            "y": 806.000061035156
        }
    }
}