{
    "lineWidth": 0.976000070571899,
    "mode": 0,
    "opacity": 1.0,
    "threshold": 100.000007629395
}