{
    "lineWidth": 0.244000017642975,
    "mode": 0,
    "opacity": 1.0,
    "threshold": 100.000007629395
}