{
    "centerLerpRate": 0.100000001490116,
    "drawDebug": false,
    "maxMarkLife": 15.0,
    "maxNotationLife": 1.0,
    "normalLerpRate": 0.100000001490116,
    "onlyLimbs": true,
    "threshold": 0.300000011920929
}