{
    "bounce": 0.00800000037997961,
    "easing": 0.990000009536743,
    "mScale": 1.0
}