{
    "bounce": 0.00800000037997961,
    "easing": 0.990000009536743,
    "mScale": 0.366000026464462
}